Date,Close/Last,Volume,Open,High,Low
11/29/2024,$25.46,36986,$25.3356,$25.51,$25.2959
11/27/2024,$25.21,8084,$25.25,$25.275,$25.13
11/26/2024,$25.25,7048,$25.1896,$25.25,$25.1896
11/25/2024,$25.18,9568,$25.17,$25.18,$25.13
11/22/2024,$25.17,6649,$25.11,$25.19,$25.11
11/21/2024,$25.1415,8006,$25.07,$25.19,$25.07
11/20/2024,$25.18,7512,$25.07,$25.18,$25.07
11/19/2024,$25.13,5839,$25.18,$25.18,$25.12
11/18/2024,$25.15,18883,$25.01,$25.16,$25.01
11/15/2024,$25.06,6613,$25.04,$25.08,$25.04
11/14/2024,$25.01,5483,$25.06,$25.08,$25.00
11/13/2024,$25.00,19635,$25.0498,$25.0795,$24.99
11/12/2024,$25.00,34889,$25.154,$25.17,$24.98
11/11/2024,$25.12,10323,$25.18,$25.18,$25.11
11/08/2024,$25.17,14207,$25.05,$25.17,$25.05
11/07/2024,$25.04,8591,$25.05,$25.10,$25.00
11/06/2024,$25.00,8990,$25.00,$25.06,$25.00
11/05/2024,$25.03,17449,$25.05,$25.05,$25.01
11/04/2024,$25.02,9177,$24.90,$25.06,$24.90
11/01/2024,$24.98,13297,$25.03,$25.09,$24.95
10/31/2024,$25.09,50798,$24.94,$25.09,$24.8358
10/30/2024,$24.8401,56364,$24.96,$24.98,$24.81
10/29/2024,$24.95,23743,$24.85,$24.98,$24.85
10/28/2024,$24.94,29508,$24.94,$25.00,$24.895
10/25/2024,$24.91,10167,$24.91,$24.96,$24.89
10/24/2024,$24.90,19953,$24.94,$24.96,$24.88
10/23/2024,$24.92,15734,$24.90,$24.95,$24.8774
10/22/2024,$24.93,22501,$24.93,$25.00,$24.92
10/21/2024,$24.95,14706,$25.00,$25.00,$24.85
10/18/2024,$24.99,17691,$25.00,$25.065,$24.99
10/17/2024,$25.00,13073,$25.002,$25.01,$24.96
10/16/2024,$25.01,19203,$25.00,$25.10,$24.9999
10/15/2024,$25.07,10147,$25.07,$25.075,$25.01
10/14/2024,$25.0042,15524,$24.98,$25.02,$24.92
10/11/2024,$24.98,12661,$24.978,$25.00,$24.95
10/10/2024,$24.98,14189,$25.01,$25.01,$24.92
10/09/2024,$25.02,21281,$25.029,$25.05,$24.95
10/08/2024,$25.01,12662,$25.00,$25.03,$24.95
10/07/2024,$24.92,16659,$24.99,$24.99,$24.86
10/04/2024,$24.94,15824,$24.95,$25.011,$24.90
10/03/2024,$24.93,13823,$25.04,$25.05,$24.93
10/02/2024,$24.97,26911,$24.99,$25.0283,$24.91
10/01/2024,$25.00,28139,$24.87,$25.07,$24.87
09/30/2024,$25.41,33596,$25.55,$25.63,$25.41
09/27/2024,$25.41,18150,$25.46,$25.50,$25.34
09/26/2024,$25.385,10315,$25.49,$25.5137,$25.375
09/25/2024,$25.45,17014,$25.50,$25.51,$25.43
09/24/2024,$25.53,4987,$25.50,$25.53,$25.4355
09/23/2024,$25.45,18220,$25.49,$25.55,$25.34
09/20/2024,$25.49,6078,$25.43,$25.49,$25.4046
09/19/2024,$25.40,13550,$25.45,$25.45,$25.30
09/18/2024,$25.31,14346,$25.41,$25.4683,$25.2801
09/17/2024,$25.48,18372,$25.3301,$25.48,$25.3301
09/16/2024,$25.49,32440,$25.36,$25.54,$25.2601
09/13/2024,$25.35,13458,$25.29,$25.46,$25.29
09/12/2024,$25.27,6864,$25.25,$25.39,$25.23
09/11/2024,$25.25,12673,$25.29,$25.37,$25.2399
09/10/2024,$25.29,41310,$25.46,$25.46,$25.25
09/09/2024,$25.475,11635,$25.21,$25.475,$25.21
09/06/2024,$25.22,1884,$25.22,$25.22,$25.22
09/05/2024,$25.30,10159,$25.16,$25.30,$25.16
09/04/2024,$25.245,23556,$25.2079,$25.25,$25.2079
09/03/2024,$25.25,18386,$25.23,$25.25,$25.195
08/30/2024,$25.15,37260,$25.16,$25.33,$25.15
08/29/2024,$25.15,12484,$25.21,$25.2384,$25.15
08/28/2024,$25.23,5121,$25.20,$25.25,$25.16
08/27/2024,$25.25,33298,$25.25,$25.33,$25.2014
08/26/2024,$25.25,25702,$25.21,$25.34,$25.20
08/23/2024,$25.29,11725,$25.32,$25.40,$25.24
08/22/2024,$25.41,26909,$25.30,$25.41,$25.30
08/21/2024,$25.35,8482,$25.09,$25.39,$25.09
08/20/2024,$25.25,16193,$25.25,$25.2799,$25.07
08/19/2024,$25.25,37968,$25.19,$25.33,$25.19
08/16/2024,$25.18,10024,$25.16,$25.19,$25.05
08/15/2024,$25.18,26484,$25.06,$25.20,$25.0001
08/14/2024,$25.00,9922,$24.95,$25.08,$24.95
08/13/2024,$24.95,29351,$25.04,$25.09,$24.86
08/12/2024,$25.02,13273,$25.11,$25.1126,$25.02
08/09/2024,$25.17,3597,$25.12,$25.17,$25.12
08/08/2024,$25.12,6502,$25.11,$25.12,$25.0001
08/07/2024,$25.07,9602,$25.05,$25.1199,$25.03
08/06/2024,$25.01,9434,$24.95,$25.06,$24.95
08/05/2024,$24.95,22695,$25.11,$25.3302,$24.95
08/02/2024,$25.30,13324,$25.15,$25.45,$25.15
08/01/2024,$25.25,7121,$25.16,$25.36,$25.145
07/31/2024,$25.14,18383,$25.0824,$25.14,$25.0824
07/30/2024,$25.0801,10922,$25.13,$25.15,$25.075
07/29/2024,$25.06,9502,$25.12,$25.12,$25.06
07/26/2024,$25.09,4978,$25.11,$25.11,$25.07
07/25/2024,$25.09,12263,$25.09,$25.15,$25.08
07/24/2024,$25.11,9082,$25.08,$25.15,$25.08
07/23/2024,$25.09,13497,$25.09,$25.15,$25.09
07/22/2024,$25.09,30826,$25.146,$25.25,$25.09
07/19/2024,$25.1001,13382,$25.075,$25.1825,$25.07
07/18/2024,$25.07,12830,$25.10,$25.12,$25.07
07/17/2024,$25.10,17335,$25.16,$25.16,$25.08
07/16/2024,$25.11,11550,$25.1494,$25.2999,$25.10
07/15/2024,$25.12,15387,$25.27,$25.3299,$25.08
07/12/2024,$25.09,20089,$25.15,$25.20,$25.06
07/11/2024,$25.10,9768,$25.10,$25.10,$25.05
07/10/2024,$25.05,13966,$25.08,$25.08,$25.05
07/09/2024,$25.10,5740,$25.10,$25.14,$25.0689
07/08/2024,$25.10,7423,$25.17,$25.17,$25.10
07/05/2024,$25.105,31964,$25.04,$25.20,$24.98
07/03/2024,$24.99,54965,$24.95,$25.0387,$24.95
07/02/2024,$24.97,18271,$24.97,$25.035,$24.95
07/01/2024,$24.99,44586,$24.99,$25.045,$24.90
06/28/2024,$25.44,143692,$25.445,$25.85,$25.43
06/27/2024,$25.54,38818,$25.55,$25.55,$25.44
06/26/2024,$25.50,31984,$25.43,$25.51,$25.3999
06/25/2024,$25.41,38898,$25.38,$25.45,$25.35
06/24/2024,$25.39,21769,$25.32,$25.40,$25.32
06/21/2024,$25.40,14291,$25.35,$25.40,$25.31
06/20/2024,$25.39,14317,$25.35,$25.39,$25.30
06/18/2024,$25.38,21883,$25.32,$25.38,$25.2573
06/17/2024,$25.32,11839,$25.22,$25.32,$25.2101
06/14/2024,$25.31,22459,$25.27,$25.31,$25.21
06/13/2024,$25.24,32329,$25.25,$25.2909,$25.1701
06/12/2024,$25.29,11005,$25.23,$25.31,$25.2101
06/11/2024,$25.22,15580,$25.22,$25.2772,$25.14
06/10/2024,$25.33,17173,$25.33,$25.35,$25.22
06/07/2024,$25.35,7060,$25.20,$25.35,$25.20
06/06/2024,$25.29,21375,$25.26,$25.30,$25.2003
06/05/2024,$25.25,20224,$25.26,$25.30,$25.2051
06/04/2024,$25.29,31487,$25.25,$25.30,$25.16
06/03/2024,$25.25,25042,$25.13,$25.27,$25.13
05/31/2024,$25.18,21132,$25.13,$25.19,$25.12
05/30/2024,$25.09,7666,$25.111,$25.14,$25.09
05/29/2024,$25.07,29261,$25.10,$25.15,$25.0562
05/28/2024,$25.12,11584,$25.12,$25.12,$25.0888
05/24/2024,$25.12,9700,$25.099,$25.12,$25.0559
05/23/2024,$25.09,12666,$25.05,$25.09,$25.01
05/22/2024,$25.09,2354,$25.0932,$25.1199,$25.08
05/21/2024,$25.12,68885,$25.11,$25.12,$25.04
05/20/2024,$25.12,14151,$25.16,$25.16,$25.0112
05/17/2024,$25.16,29409,$25.04,$25.22,$25.00
05/16/2024,$25.0299,26922,$24.97,$25.03,$24.97
05/15/2024,$24.99,15788,$24.98,$25.005,$24.97
05/14/2024,$25.00,19409,$24.85,$25.03,$24.85
05/13/2024,$24.85,49927,$25.08,$25.10,$24.85
05/10/2024,$25.08,33574,$25.24,$25.24,$24.95
05/09/2024,$25.23,21140,$24.93,$25.23,$24.93
05/08/2024,$24.96,29132,$24.93,$24.96,$24.87
05/07/2024,$24.94,8282,$24.928,$24.94,$24.89
05/06/2024,$24.88,18647,$25.05,$25.05,$24.88
05/03/2024,$25.04,38308,$24.936,$25.04,$24.85
05/02/2024,$24.92,30770,$24.87,$24.9499,$24.78
05/01/2024,$24.87,13459,$24.77,$24.88,$24.681
04/30/2024,$24.81,47297,$24.60,$24.81,$24.56
04/29/2024,$24.59,11458,$24.51,$24.7499,$24.51
04/26/2024,$24.57,15266,$24.60,$24.60,$24.55
04/25/2024,$24.59,33458,$24.50,$24.60,$24.40
04/24/2024,$24.52,17920,$24.60,$24.60,$24.50
04/23/2024,$24.59,23078,$24.535,$24.61,$24.50
04/22/2024,$24.58,13644,$24.58,$24.59,$24.55
04/19/2024,$24.58,9629,$24.54,$24.69,$24.52
04/18/2024,$24.58,27327,$24.65,$24.65,$24.55
04/17/2024,$24.62,16611,$24.56,$24.67,$24.56
04/16/2024,$24.60,27058,$24.72,$24.72,$24.54
04/15/2024,$24.71,53290,$24.73,$24.74,$24.52
04/12/2024,$24.73,19800,$24.60,$24.74,$24.60
04/11/2024,$24.63,24226,$24.48,$24.63,$24.3944
04/10/2024,$24.53,37240,$24.55,$24.56,$24.4399
04/09/2024,$24.59,14968,$24.55,$24.65,$24.55
04/08/2024,$24.56,21110,$24.45,$24.58,$24.435
04/05/2024,$24.43,21690,$24.46,$24.52,$24.4202
04/04/2024,$24.49,18806,$24.53,$24.62,$24.42
04/03/2024,$24.52,17771,$24.37,$24.52,$24.3604
04/02/2024,$24.45,23274,$24.45,$24.5195,$24.32
04/01/2024,$24.50,30927,$24.56,$24.63,$24.49
03/28/2024,$24.55,71185,$24.73,$24.85,$24.55
03/27/2024,$25.04,30233,$24.9699,$25.0999,$24.921
03/26/2024,$24.93,17618,$24.81,$24.95,$24.81
03/25/2024,$24.81,4480,$24.98,$24.98,$24.78
03/22/2024,$24.99,28099,$24.73,$25.00,$24.73
03/21/2024,$24.73,43168,$24.73,$24.80,$24.70
03/20/2024,$24.725,57725,$24.74,$24.83,$24.70
03/19/2024,$24.74,58566,$24.77,$24.83,$24.73
03/18/2024,$24.7748,9475,$24.83,$24.83,$24.77
03/15/2024,$24.83,10380,$24.78,$24.85,$24.77
03/14/2024,$24.85,19163,$24.838,$24.85,$24.77
03/13/2024,$24.85,10341,$24.76,$24.85,$24.76
03/12/2024,$24.80,16057,$24.75,$24.80,$24.73
03/11/2024,$24.79,13171,$24.72,$24.80,$24.72
03/08/2024,$24.7918,12453,$24.78,$24.80,$24.712
03/07/2024,$24.78,27797,$24.74,$24.84,$24.70
03/06/2024,$24.85,8006,$24.74,$24.85,$24.722
03/05/2024,$24.76,20485,$24.70,$24.76,$24.70
03/04/2024,$24.725,36677,$24.75,$24.76,$24.68
03/01/2024,$24.76,16073,$24.67,$24.85,$24.67
02/29/2024,$24.70,30354,$24.80,$24.80,$24.70
02/28/2024,$24.80,13058,$24.67,$24.80,$24.67
02/27/2024,$24.80,9062,$24.765,$24.80,$24.72
02/26/2024,$24.80,11221,$24.80,$24.80,$24.72
02/23/2024,$24.75,23462,$24.71,$24.75,$24.6303
02/22/2024,$24.72,21181,$24.70,$24.75,$24.6767
02/21/2024,$24.75,24487,$24.6074,$24.75,$24.5756
02/20/2024,$24.75,22231,$24.60,$24.75,$24.5737
02/16/2024,$24.61,32832,$24.65,$24.75,$24.60
02/15/2024,$24.65,11399,$24.56,$24.75,$24.50
02/14/2024,$24.5501,9947,$24.50,$24.63,$24.50
02/13/2024,$24.60,5898,$24.63,$24.65,$24.5643
02/12/2024,$24.65,11478,$24.675,$24.69,$24.53
02/09/2024,$24.55,7536,$24.50,$24.72,$24.45
02/08/2024,$24.45,19511,$24.45,$24.4999,$24.33
02/07/2024,$24.605,8656,$24.65,$24.65,$24.4701
02/06/2024,$24.5598,7905,$24.55,$24.6999,$24.55
02/05/2024,$24.43,11475,$24.60,$24.685,$24.35
02/02/2024,$24.60,6295,$24.75,$24.75,$24.50
02/01/2024,$24.70,25005,$24.55,$24.75,$24.50
01/31/2024,$24.47,18285,$24.39,$24.72,$24.39
01/30/2024,$24.36,7956,$24.21,$24.36,$24.21
01/29/2024,$24.29,5309,$24.31,$24.315,$24.27
01/26/2024,$24.37,26439,$24.17,$24.39,$24.15
01/25/2024,$24.26,20146,$24.34,$24.34,$24.12
01/24/2024,$24.11,21908,$24.146,$24.21,$24.10
01/23/2024,$24.20,24084,$24.15,$24.20,$24.05
01/22/2024,$24.10,39859,$24.24,$24.37,$24.09
01/19/2024,$24.23,11166,$24.19,$24.24,$24.13
01/18/2024,$24.13,5000,$24.24,$24.24,$24.13
01/17/2024,$24.22,12641,$24.20,$24.24,$24.15
01/16/2024,$24.16,12955,$24.20,$24.20,$24.11
01/12/2024,$24.09,12887,$24.076,$24.20,$24.05
01/11/2024,$24.09,15603,$24.035,$24.12,$23.93
01/10/2024,$24.15,13700,$24.14,$24.17,$23.98
01/09/2024,$24.14,9443,$24.15,$24.34,$24.00
01/08/2024,$24.003,17120,$23.94,$24.025,$23.90
01/05/2024,$23.80,13505,$23.7499,$23.8318,$23.72
01/04/2024,$23.75,12773,$23.938,$23.98,$23.65
01/03/2024,$23.67,17397,$23.85,$23.90,$23.61
01/02/2024,$23.85,7713,$23.65,$23.98,$23.5541
12/29/2023,$23.51,24253,$23.90,$24.1199,$23.51
12/28/2023,$23.90,8844,$23.90,$24.14,$23.90
12/27/2023,$24.25,9590,$24.09,$24.25,$24.09
12/26/2023,$24.0479,10007,$24.00,$24.10,$23.88
12/22/2023,$24.00,12837,$23.889,$24.10,$23.82
12/21/2023,$23.91,14830,$24.00,$24.05,$23.82
12/20/2023,$23.96,4735,$23.958,$24.00,$23.91
12/19/2023,$23.98,13000,$23.82,$24.05,$23.82
12/18/2023,$23.82,9928,$23.80,$23.99,$23.75
12/15/2023,$23.815,7180,$23.79,$23.9074,$23.75
12/14/2023,$23.7126,20336,$23.75,$23.93,$23.55
12/13/2023,$23.84,14600,$23.65,$23.85,$23.64
12/12/2023,$23.6003,21908,$23.70,$23.70,$23.57
12/11/2023,$23.70,4100,$23.70,$23.70,$23.6787
12/08/2023,$23.68,9539,$23.68,$23.70,$23.6501
12/07/2023,$23.6949,13882,$23.67,$23.70,$23.6403
12/06/2023,$23.67,17550,$23.70,$23.70,$23.66
12/05/2023,$23.69,66283,$23.70,$23.70,$23.66
12/04/2023,$23.70,58633,$23.65,$23.70,$23.6114
12/01/2023,$23.661,9595,$23.70,$23.70,$23.5201
11/30/2023,$23.80,33703,$23.37,$23.80,$23.36
11/29/2023,$23.6951,18154,$23.55,$23.6951,$23.36
11/28/2023,$23.5854,9085,$23.71,$23.85,$23.5854
11/27/2023,$23.70,20990,$23.64,$23.70,$23.3501
11/24/2023,$23.4999,3601,$23.70,$23.70,$23.4999
11/22/2023,$23.70,12804,$23.60,$23.70,$23.50
11/21/2023,$23.525,15043,$23.49,$23.96,$23.2209
11/20/2023,$23.4594,10617,$23.32,$23.4594,$23.20
11/17/2023,$23.1101,8339,$23.30,$23.3001,$23.1101
11/16/2023,$23.40,50508,$23.3329,$23.60,$23.3329
11/15/2023,$23.305,10826,$23.10,$23.3699,$22.7554
11/14/2023,$23.14,9168,$22.96,$23.14,$22.7001
11/13/2023,$22.78,5301,$22.75,$22.9773,$22.72
11/10/2023,$22.74,4849,$22.665,$22.81,$22.63
11/09/2023,$22.75,19784,$22.705,$22.75,$22.50
11/08/2023,$22.75,13162,$22.65,$22.755,$22.60
11/07/2023,$22.67,20157,$22.50,$22.67,$22.37
11/06/2023,$22.48,6328,$22.34,$22.601,$22.34
11/03/2023,$22.57,27936,$22.40,$22.63,$22.3533
11/02/2023,$22.25,14934,$22.02,$22.315,$22.02
11/01/2023,$21.90,33991,$21.00,$22.0228,$20.83
10/31/2023,$20.98,39789,$20.79,$21.00,$20.56
10/30/2023,$20.65,28651,$21.03,$21.06,$20.475
10/27/2023,$20.96,47926,$21.55,$21.61,$20.96
10/26/2023,$21.55,37215,$22.08,$22.12,$21.55
10/25/2023,$22.065,42226,$22.30,$22.30,$21.95
10/24/2023,$22.45,39529,$22.32,$22.50,$22.0501
10/23/2023,$22.52,18743,$22.58,$22.65,$22.43
10/20/2023,$22.77,14359,$22.65,$22.7807,$22.50
10/19/2023,$22.67,21320,$23.00,$23.03,$22.67
10/18/2023,$22.81,11572,$23.00,$23.1727,$22.81
10/17/2023,$23.05,33935,$23.00,$23.17,$22.91
10/16/2023,$23.02,14190,$23.20,$23.20,$22.985
10/13/2023,$23.1001,6120,$23.0883,$23.35,$23.05
10/12/2023,$23.1809,10246,$22.97,$23.29,$22.86
10/11/2023,$23.01,26159,$23.05,$23.10,$22.95
10/10/2023,$22.99,45598,$22.82,$23.00,$22.80
10/09/2023,$23.075,13992,$23.12,$23.18,$23.05
10/06/2023,$23.10,16201,$23.25,$23.68,$23.10
10/05/2023,$23.47,10969,$23.23,$23.4952,$23.0901
10/04/2023,$23.17,22686,$23.67,$23.67,$22.98
10/03/2023,$23.53,12024,$23.83,$23.83,$23.38
10/02/2023,$23.795,6087,$23.79,$23.795,$23.69
09/29/2023,$24.00,34945,$23.81,$24.00,$23.70
09/28/2023,$23.65,12024,$23.67,$23.71,$23.4412
09/27/2023,$24.00,25491,$24.20,$24.20,$24.00
09/26/2023,$24.05,25630,$24.1499,$24.1799,$24.05
09/25/2023,$24.05,21011,$24.10,$24.18,$23.9001
09/22/2023,$24.05,10647,$23.95,$24.10,$23.9217
09/21/2023,$23.97,16547,$24.03,$24.10,$23.91
09/20/2023,$24.03,8897,$23.99,$24.13,$23.98
09/19/2023,$23.99,14859,$24.0469,$24.08,$23.8301
09/18/2023,$24.00,21854,$24.02,$24.1307,$24.00
09/15/2023,$24.00,6398,$24.008,$24.03,$24.00
09/14/2023,$24.01,21140,$23.83,$24.08,$23.83
09/13/2023,$23.95,13445,$23.94,$23.95,$23.81
09/12/2023,$23.84,19971,$23.81,$23.95,$23.75
09/11/2023,$23.90,30063,$23.80,$23.95,$23.77
09/08/2023,$23.83,11851,$23.80,$23.85,$23.7101
09/07/2023,$23.8025,14882,$23.80,$23.90,$23.7901
09/06/2023,$23.80,21737,$23.80,$23.89,$23.686
09/05/2023,$23.80,11433,$23.75,$23.81,$23.65
09/01/2023,$23.77,14419,$23.74,$23.77,$23.5301
08/31/2023,$23.80,28577,$23.687,$23.84,$23.66
08/30/2023,$23.59,32045,$23.435,$23.75,$23.3801
08/29/2023,$23.46,15316,$23.41,$23.57,$23.41
08/28/2023,$23.46,18344,$23.25,$23.515,$23.25
08/25/2023,$23.325,10118,$23.08,$23.35,$23.04
08/24/2023,$23.1487,19339,$23.0484,$23.21,$23.0484
08/23/2023,$23.06,16103,$22.96,$23.08,$22.96
08/22/2023,$22.94,14150,$22.90,$23.05,$22.8101
08/21/2023,$22.80,22495,$22.75,$22.9399,$22.52
08/18/2023,$22.9799,8941,$22.70,$22.98,$22.70
08/17/2023,$22.725,22414,$22.80,$22.80,$22.4501
08/16/2023,$22.66,27987,$22.83,$22.9615,$22.21
08/15/2023,$22.99,4377,$23.00,$23.00,$22.86
08/14/2023,$22.95,9401,$22.70,$22.99,$22.70
08/11/2023,$22.86,14706,$22.60,$23.00,$22.60
08/10/2023,$22.78,21234,$23.05,$23.05,$22.70
08/09/2023,$22.97,8246,$22.95,$23.023,$22.95
08/08/2023,$22.94,15290,$22.9765,$23.25,$22.89
08/07/2023,$23.0961,12184,$23.2799,$23.2799,$22.88
08/04/2023,$22.89,4303,$23.05,$23.2081,$22.89
08/03/2023,$23.10,16081,$23.15,$23.15,$22.6455
08/02/2023,$23.13,19618,$22.82,$23.2275,$22.70
08/01/2023,$22.90,8345,$22.7801,$22.94,$22.7801
07/31/2023,$22.98,16985,$22.96,$23.005,$22.95
07/28/2023,$22.95,21211,$22.75,$22.95,$22.70
07/27/2023,$22.70,40554,$22.55,$22.90,$22.53
07/26/2023,$22.47,22158,$22.53,$22.58,$22.445
07/25/2023,$22.54,33205,$22.492,$22.585,$22.46
07/24/2023,$22.45,30633,$22.31,$22.50,$22.31
07/21/2023,$22.40,20663,$22.44,$22.54,$22.3948
07/20/2023,$22.40,4067,$22.35,$22.45,$22.35
07/19/2023,$22.43,17134,$22.33,$22.57,$22.2812
07/18/2023,$22.33,28227,$22.38,$22.54,$22.26
07/17/2023,$22.30,15662,$22.63,$22.8499,$22.25
07/14/2023,$22.51,7052,$22.69,$22.7299,$22.51
07/13/2023,$22.5909,22428,$22.69,$22.7889,$22.50
07/12/2023,$22.64,7854,$22.63,$22.65,$22.55
07/11/2023,$22.5665,20430,$22.55,$22.69,$22.45
07/10/2023,$22.55,40478,$22.50,$22.70,$22.42
07/07/2023,$22.51,9969,$22.416,$22.51,$22.36
07/06/2023,$22.45,15483,$22.43,$22.4999,$22.21
07/05/2023,$22.50,35307,$22.31,$22.50,$22.26
07/03/2023,$22.35,11886,$22.31,$22.4391,$22.2565
06/30/2023,$22.42,34852,$21.91,$22.44,$21.8104
06/29/2023,$21.78,17299,$21.78,$21.93,$21.67
06/28/2023,$22.00,31861,$22.393,$22.42,$22.00
06/27/2023,$22.3032,9147,$22.30,$22.39,$22.08
06/26/2023,$22.31,8762,$22.4199,$22.4199,$22.267
06/23/2023,$22.42,7975,$22.13,$22.42,$22.10
06/22/2023,$22.30,925,$22.25,$22.30,$22.0901
06/21/2023,$22.27,7508,$22.01,$22.3999,$22.01
06/20/2023,$22.05,20874,$21.90,$22.15,$21.90
06/16/2023,$21.85,46732,$22.24,$22.35,$21.85
06/15/2023,$22.435,14176,$22.3118,$22.4843,$22.3118
06/14/2023,$22.23,21808,$22.11,$22.31,$22.11
06/13/2023,$22.10,21154,$21.87,$22.35,$21.85
06/12/2023,$22.02,8107,$22.00,$22.07,$21.97
06/09/2023,$22.0842,5058,$22.10,$22.1075,$22.0455
06/08/2023,$22.14,20938,$22.38,$22.38,$21.89
06/07/2023,$21.99,33413,$21.82,$22.38,$21.82
06/06/2023,$21.73,108914,$21.95,$22.20,$21.495
06/05/2023,$22.08,43475,$21.99,$22.10,$21.25
06/02/2023,$21.99,20358,$21.87,$22.00,$21.8366
06/01/2023,$21.77,21261,$21.61,$21.88,$21.50
05/31/2023,$21.59,36277,$21.12,$21.59,$21.12
05/30/2023,$21.10,9611,$21.17,$21.332,$21.05
05/26/2023,$21.37,60580,$21.16,$21.37,$21.01
05/25/2023,$21.00,8857,$21.30,$21.30,$21.00
05/24/2023,$21.34,1786,$21.31,$21.34,$21.29
05/23/2023,$21.41,9278,$21.44,$21.65,$21.4009
05/22/2023,$21.37,8358,$21.23,$21.50,$21.1101
05/19/2023,$21.26,7002,$21.46,$21.46,$21.16
05/18/2023,$21.35,23582,$21.40,$21.642,$21.32
05/17/2023,$21.49,36308,$21.08,$21.67,$21.07
05/16/2023,$21.24,25360,$20.985,$21.24,$20.92
05/15/2023,$21.12,37071,$21.05,$21.35,$20.9365
05/12/2023,$20.84,10614,$20.84,$20.92,$20.72
05/11/2023,$21.00,11403,$21.06,$21.06,$20.8201
05/10/2023,$21.125,31154,$20.80,$21.29,$20.78
05/09/2023,$20.77,52216,$20.68,$20.77,$20.45
05/08/2023,$20.72,19483,$20.62,$20.76,$20.55
05/05/2023,$20.62,17820,$20.45,$20.70,$20.4024
05/04/2023,$20.29,24773,$20.30,$20.40,$20.09
05/03/2023,$20.40,31785,$20.55,$20.6899,$20.37
05/02/2023,$20.55,67678,$20.52,$20.65,$20.15
05/01/2023,$20.57,56849,$21.01,$21.05,$20.56
04/28/2023,$20.94,135373,$21.40,$21.7496,$20.89
04/27/2023,$21.60,14072,$21.13,$21.78,$21.13
04/26/2023,$21.28,2403,$21.32,$21.45,$21.18
04/25/2023,$21.13,27718,$21.39,$21.70,$21.13
04/24/2023,$21.31,19586,$21.30,$21.3819,$21.30
04/21/2023,$21.25,11345,$21.30,$21.75,$21.13
04/20/2023,$21.21,7561,$21.21,$21.21,$21.05
04/19/2023,$21.32,12065,$20.90,$21.3499,$20.90
04/18/2023,$21.00,41291,$20.918,$21.00,$20.82
04/17/2023,$20.92,38314,$21.24,$21.26,$20.92
04/14/2023,$21.15,14070,$21.01,$21.25,$21.01
04/13/2023,$21.13,16249,$20.65,$21.25,$20.5805
04/12/2023,$20.65,9213,$20.66,$20.70,$20.45
04/11/2023,$20.67,13845,$20.69,$20.69,$20.41
04/10/2023,$20.65,3990,$20.555,$20.65,$20.555
04/06/2023,$20.65,11332,$20.56,$20.90,$20.50
04/05/2023,$20.55,10588,$20.39,$20.67,$20.39
04/04/2023,$20.57,17833,$20.56,$20.6002,$20.334
04/03/2023,$20.56,20959,$20.62,$20.66,$20.31
03/31/2023,$20.56,40987,$20.37,$20.6764,$20.27
03/30/2023,$20.46,24539,$20.60,$20.70,$20.1903
03/29/2023,$20.83,11257,$20.635,$20.84,$20.5942
03/28/2023,$20.56,18778,$20.25,$20.6162,$20.24
03/27/2023,$20.24,17669,$20.40,$20.4225,$20.11
03/24/2023,$20.25,61961,$20.65,$20.70,$19.50
03/23/2023,$20.60,16127,$21.10,$21.20,$20.60
03/22/2023,$20.99,19015,$21.01,$21.2221,$20.98
03/21/2023,$21.12,29262,$20.68,$21.25,$20.33
03/20/2023,$20.52,33162,$20.67,$21.21,$20.46
03/17/2023,$20.77,45874,$21.17,$21.20,$20.55
03/16/2023,$21.47,60993,$21.23,$21.91,$21.20
03/15/2023,$21.40,24043,$21.99,$22.00,$21.1001
03/14/2023,$22.20,76666,$21.96,$22.47,$21.96
03/13/2023,$21.52,38347,$22.00,$22.00,$21.45
03/10/2023,$22.15,59957,$22.35,$22.65,$22.0901
03/09/2023,$22.59,30705,$22.53,$22.7217,$22.4333
03/08/2023,$22.53,17859,$22.32,$22.5999,$22.25
03/07/2023,$22.37,21562,$22.741,$22.80,$22.37
03/06/2023,$22.80,19939,$22.64,$22.80,$22.60
03/03/2023,$22.76,32164,$22.61,$22.80,$22.5101
03/02/2023,$22.69,13798,$22.57,$22.69,$22.50
03/01/2023,$22.62,14653,$22.52,$22.73,$22.50
02/28/2023,$22.65,24613,$22.35,$22.65,$22.2501
02/27/2023,$22.32,20370,$21.73,$22.40,$21.73
02/24/2023,$22.38,15711,$21.74,$22.40,$21.43
02/23/2023,$22.30,11646,$22.20,$22.35,$22.1895
02/22/2023,$22.20,29196,$22.21,$22.40,$22.11
02/21/2023,$22.20,84378,$22.45,$22.48,$22.08
02/17/2023,$22.52,13908,$22.39,$22.5754,$22.35
02/16/2023,$22.50,30752,$22.40,$22.50,$22.39
02/15/2023,$22.50,32042,$22.49,$22.58,$22.13
02/14/2023,$22.40,9807,$22.0301,$22.41,$22.0301
02/13/2023,$22.165,19926,$22.24,$22.3837,$22.01
02/10/2023,$22.13,37955,$22.59,$22.64,$22.0634
02/09/2023,$22.75,9295,$22.83,$22.83,$22.4201
02/08/2023,$22.79,41351,$22.63,$22.84,$22.0594
02/07/2023,$22.46,31074,$22.36,$22.60,$22.1928
02/06/2023,$22.40,16374,$22.2126,$22.40,$22.20
02/03/2023,$22.2001,15146,$22.30,$22.36,$22.17
02/02/2023,$22.37,23689,$22.25,$22.37,$22.06
02/01/2023,$22.11,25604,$22.07,$22.25,$22.06
01/31/2023,$22.27,26187,$22.12,$22.30,$22.0601
01/30/2023,$22.13,24900,$22.19,$22.20,$21.91
01/27/2023,$22.09,9595,$22.28,$22.28,$22.06
01/26/2023,$22.25,27693,$22.18,$22.26,$22.13
01/25/2023,$22.16,13129,$22.15,$22.22,$22.10
01/24/2023,$22.16,20381,$21.89,$22.288,$21.89
01/23/2023,$21.99,24730,$21.71,$22.00,$21.70
01/20/2023,$21.70,14540,$21.38,$21.8383,$21.38
01/19/2023,$21.70,15612,$21.40,$21.8493,$21.3503
01/18/2023,$21.31,22948,$21.44,$21.765,$21.31
01/17/2023,$21.30,46372,$21.21,$21.8999,$21.21
01/13/2023,$21.45,17420,$21.32,$21.60,$21.20
01/12/2023,$21.35,26776,$21.00,$21.3999,$20.92
01/11/2023,$21.11,14903,$21.1699,$21.1699,$21.0001
01/10/2023,$21.00,18906,$21.04,$21.10,$20.85
01/09/2023,$21.1399,37166,$20.89,$21.1399,$20.87
01/06/2023,$20.89,31988,$20.75,$21.04,$20.60
01/05/2023,$20.75,15657,$20.59,$20.75,$20.2801
01/04/2023,$20.56,21818,$20.30,$20.645,$20.26
01/03/2023,$20.21,20891,$20.22,$20.47,$20.20
12/30/2022,$19.85,69154,$20.22,$20.5499,$19.85
12/29/2022,$20.20,40966,$20.69,$20.7067,$20.06
12/28/2022,$20.70,36372,$20.39,$20.7666,$20.267
12/27/2022,$20.35,24643,$20.42,$20.5252,$20.12
12/23/2022,$20.3853,27701,$20.25,$20.48,$20.09
12/22/2022,$20.10,78564,$20.41,$20.6291,$19.90
12/21/2022,$20.40,46291,$20.43,$20.77,$20.074
12/20/2022,$20.26,36837,$19.80,$20.58,$19.80
12/19/2022,$20.20,15435,$20.37,$20.39,$20.0514
12/16/2022,$20.30,29139,$20.40,$20.51,$20.265
12/15/2022,$20.49,22299,$20.52,$20.5903,$20.2705
12/14/2022,$20.58,18775,$20.65,$20.79,$20.32
12/13/2022,$20.70,28221,$20.35,$20.87,$20.1925
12/12/2022,$19.99,28695,$20.20,$20.43,$19.99
12/09/2022,$20.1781,49988,$20.62,$20.77,$19.98
12/08/2022,$20.60,56683,$20.66,$20.80,$20.40
12/07/2022,$20.71,29069,$20.71,$20.84,$20.50
12/06/2022,$20.71,48039,$20.75,$20.95,$20.5171
12/05/2022,$20.71,11935,$20.87,$20.9993,$20.6743
12/02/2022,$20.90,19693,$20.78,$21.03,$20.75
12/01/2022,$20.88,25127,$20.91,$21.03,$20.66
11/30/2022,$20.99,101159,$20.00,$21.03,$19.92
11/29/2022,$19.95,43987,$20.08,$20.18,$19.95
11/28/2022,$20.08,53250,$20.31,$20.425,$19.9628
11/25/2022,$20.26,8908,$20.43,$20.50,$20.2019
11/23/2022,$20.50,17087,$20.00,$20.67,$20.00
11/22/2022,$20.07,27504,$20.175,$20.2714,$20.06
11/21/2022,$19.91,67960,$20.22,$20.30,$19.91
11/18/2022,$20.01,56358,$19.85,$20.2942,$19.85
11/17/2022,$19.85,87448,$20.07,$20.10,$19.68
11/16/2022,$20.085,61447,$20.23,$20.33,$19.80
11/15/2022,$20.16,66111,$20.11,$20.77,$19.9598
11/14/2022,$19.95,51882,$20.18,$20.18,$19.83
11/11/2022,$20.10,44940,$19.9257,$20.20,$19.9257
11/10/2022,$19.95,146572,$19.96,$20.25,$19.30
11/09/2022,$19.65,32228,$19.3701,$20.05,$19.3701
11/08/2022,$19.72,67075,$19.35,$20.306,$19.34
11/07/2022,$19.33,90774,$19.01,$19.33,$18.75
11/04/2022,$19.01,21119,$18.85,$19.04,$18.7567
11/03/2022,$18.80,10148,$18.75,$18.85,$18.47
11/02/2022,$18.80,22347,$18.72,$18.87,$18.56
11/01/2022,$18.62,29036,$18.66,$18.77,$18.465
10/31/2022,$18.39,44361,$18.708,$18.923,$18.39
10/28/2022,$18.70,19311,$18.55,$18.9985,$18.55
10/27/2022,$18.55,24282,$18.45,$18.85,$18.3242
10/26/2022,$18.20,22937,$17.8955,$18.49,$17.8955
10/25/2022,$17.93,50084,$17.74,$18.30,$17.51
10/24/2022,$17.4695,31623,$17.5001,$18.155,$17.40
10/21/2022,$17.66,22052,$17.48,$18.00,$17.31
10/20/2022,$17.48,32001,$18.24,$18.3732,$17.47
10/19/2022,$18.30,21354,$18.70,$18.70,$18.2001
10/18/2022,$18.7856,34548,$18.51,$18.98,$18.28
10/17/2022,$18.3409,28418,$18.87,$18.87,$18.10
10/14/2022,$18.50,12223,$18.90,$19.0798,$18.49
10/13/2022,$18.80,21356,$18.61,$19.05,$18.3462
10/12/2022,$18.76,12276,$18.55,$18.85,$18.50
10/11/2022,$18.69,59422,$18.08,$18.8554,$18.08
10/10/2022,$18.18,31145,$18.82,$19.0399,$18.17
10/07/2022,$18.959,34471,$19.26,$19.26,$18.6888
10/06/2022,$19.39,14265,$19.65,$19.70,$19.2287
10/05/2022,$19.35,21293,$19.75,$19.75,$19.3394
10/04/2022,$19.71,72119,$19.818,$20.35,$19.60
10/03/2022,$19.53,48871,$19.20,$19.78,$19.20
09/30/2022,$19.28,116776,$19.43,$19.56,$18.10
09/29/2022,$19.51,14916,$19.72,$20.0962,$19.30
09/28/2022,$20.30,40258,$20.00,$20.73,$19.85
09/27/2022,$19.90,34969,$20.46,$20.6012,$19.61
09/26/2022,$20.32,29137,$20.585,$20.60,$20.24
09/23/2022,$20.605,32982,$20.99,$20.99,$20.53
09/22/2022,$20.80,37211,$20.95,$21.05,$20.6522
09/21/2022,$20.80,11691,$21.138,$21.22,$20.79
09/20/2022,$20.95,28631,$21.23,$21.68,$20.88
09/19/2022,$21.26,34893,$21.47,$21.69,$21.22
09/16/2022,$21.42,12799,$21.41,$21.5225,$21.41
09/15/2022,$21.50,14214,$21.75,$21.8752,$21.50
09/14/2022,$21.75,11643,$21.80,$21.89,$21.70
09/13/2022,$21.80,33767,$22.08,$22.10,$21.70
09/12/2022,$22.24,13671,$22.04,$22.24,$22.01
09/09/2022,$22.04,50759,$22.15,$22.3802,$21.90
09/08/2022,$22.11,28236,$21.4814,$22.1414,$21.44
09/07/2022,$21.39,53384,$21.45,$21.5601,$21.20
09/06/2022,$21.30,8634,$21.51,$21.5101,$21.25
09/02/2022,$21.6071,7809,$21.45,$21.7261,$21.35
09/01/2022,$21.5681,25802,$21.70,$21.70,$21.22
08/31/2022,$21.65,45249,$21.90,$21.97,$21.63
08/30/2022,$21.90,8582,$22.03,$22.10,$21.85
08/29/2022,$22.10,12873,$21.94,$22.2672,$21.75
08/26/2022,$21.99,24180,$22.10,$22.1403,$21.81
08/25/2022,$22.10,11789,$21.65,$22.1396,$21.65
08/24/2022,$22.01,14080,$21.62,$22.01,$21.62
08/23/2022,$21.68,33255,$21.76,$21.875,$21.49
08/22/2022,$21.68,32178,$21.90,$21.93,$21.60
08/19/2022,$21.915,21875,$21.94,$21.9676,$21.80
08/18/2022,$22.025,9508,$22.06,$22.10,$21.95
08/17/2022,$22.01,11117,$22.17,$22.17,$21.90
08/16/2022,$22.15,12016,$22.01,$22.15,$22.00
08/15/2022,$22.05,7945,$22.00,$22.1595,$21.935
08/12/2022,$22.08,11642,$21.92,$22.0911,$21.88
08/11/2022,$21.85,17835,$21.90,$21.98,$21.85
08/10/2022,$21.90,20060,$21.97,$22.16,$21.82
08/09/2022,$21.8396,20727,$22.08,$22.15,$21.76
08/08/2022,$22.11,20404,$22.07,$22.26,$22.07
08/05/2022,$22.20,33256,$22.24,$22.4499,$22.06
08/04/2022,$22.35,25981,$22.26,$22.36,$22.05
08/03/2022,$22.15,34845,$22.01,$22.4108,$22.01
08/02/2022,$22.10,28668,$22.21,$22.21,$21.85
08/01/2022,$22.22,42985,$21.77,$22.3999,$21.77
07/29/2022,$21.80,34820,$21.25,$21.95,$21.25
07/28/2022,$21.29,18571,$20.8754,$21.3199,$20.8754
07/27/2022,$20.91,41363,$20.69,$21.099,$20.69
07/26/2022,$20.67,59825,$20.80,$21.067,$20.55
07/25/2022,$21.11,18373,$21.10,$21.15,$21.00
07/22/2022,$21.03,21949,$21.07,$21.37,$20.7303
07/21/2022,$20.99,17294,$20.81,$21.0592,$20.7001
07/20/2022,$20.83,36795,$20.69,$20.88,$20.6293
07/19/2022,$20.67,47973,$20.62,$20.8765,$20.50
07/18/2022,$20.51,60340,$20.38,$20.8314,$20.35
07/15/2022,$20.31,68686,$20.38,$20.40,$20.20
07/14/2022,$20.20,93366,$20.17,$20.245,$19.95
07/13/2022,$20.49,59148,$20.02,$20.49,$19.96
07/12/2022,$20.13,101773,$20.05,$20.17,$20.01
07/11/2022,$20.03,27244,$20.05,$20.10,$19.95
07/08/2022,$20.08,53135,$20.05,$20.10,$19.90
07/07/2022,$20.14,54758,$19.90,$20.14,$19.83
07/06/2022,$19.86,42166,$20.25,$20.25,$19.81
07/05/2022,$20.19,43209,$20.24,$20.24,$20.06
07/01/2022,$20.23,72323,$20.11,$20.30,$20.10
06/30/2022,$20.05,33615,$20.06,$20.31,$20.01
06/29/2022,$20.44,57995,$20.50,$20.5211,$20.31
06/28/2022,$20.48,51264,$20.54,$20.71,$20.28
06/27/2022,$20.54,89874,$20.79,$20.85,$20.45
06/24/2022,$20.80,30538,$20.70,$20.87,$20.46
06/23/2022,$20.80,44246,$20.53,$21.42,$20.485
06/22/2022,$20.535,50690,$20.55,$20.82,$20.45
06/21/2022,$20.68,82238,$20.9632,$20.9632,$20.4256
06/17/2022,$20.18,46756,$20.14,$20.4999,$19.81
06/16/2022,$20.10,95147,$21.46,$21.46,$19.81
06/15/2022,$21.66,46317,$21.67,$21.80,$21.12
06/14/2022,$21.6535,22471,$22.15,$22.3543,$21.3574
06/13/2022,$22.14,32402,$22.71,$22.71,$21.82
06/10/2022,$23.00,26620,$23.1045,$23.1045,$22.87
06/09/2022,$23.30,30781,$23.693,$23.70,$23.30
06/08/2022,$23.49,8588,$23.48,$23.745,$23.4511
06/07/2022,$23.60,10384,$23.66,$23.68,$23.43
06/06/2022,$23.775,6950,$23.70,$23.79,$23.60
06/03/2022,$23.70,9725,$23.75,$23.75,$23.4107
06/02/2022,$23.77,11406,$23.55,$23.88,$23.31
06/01/2022,$23.58,18330,$23.755,$23.8299,$23.54
05/31/2022,$23.74,40463,$23.43,$24.03,$23.25
05/27/2022,$23.21,41042,$22.58,$23.75,$22.58
05/26/2022,$22.58,2885,$22.40,$22.66,$22.40
05/25/2022,$22.23,16149,$22.25,$22.25,$22.00
05/24/2022,$21.94,16163,$21.88,$22.06,$21.82
05/23/2022,$21.83,7987,$21.77,$21.86,$21.77
05/20/2022,$21.77,8688,$21.645,$21.77,$21.50
05/19/2022,$21.66,11820,$21.38,$21.72,$21.35
05/18/2022,$21.33,36805,$21.30,$21.37,$21.23
05/17/2022,$21.23,50111,$21.86,$21.86,$21.23
05/16/2022,$21.71,40537,$22.2503,$22.2805,$21.65
05/13/2022,$22.15,25164,$22.45,$22.5626,$22.015
05/12/2022,$22.49,22667,$22.3125,$22.7271,$22.3125
05/11/2022,$22.30,8691,$22.59,$22.7707,$22.30
05/10/2022,$22.50,13789,$22.70,$22.91,$22.44
05/09/2022,$22.808,16789,$22.94,$23.0999,$22.71
05/06/2022,$23.0782,55786,$23.17,$23.29,$22.944
05/05/2022,$23.3052,15542,$23.2423,$23.37,$23.00
05/04/2022,$23.23,12872,$23.511,$23.513,$23.00
05/03/2022,$23.23,13579,$23.60,$23.69,$23.23
05/02/2022,$23.67,23510,$23.80,$23.8617,$23.50
04/29/2022,$23.88,38322,$23.68,$23.94,$23.50
04/28/2022,$23.70,22130,$23.79,$23.82,$23.48
04/27/2022,$23.79,6222,$24.07,$24.0815,$23.79
04/26/2022,$24.14,22639,$24.09,$24.19,$24.0301
04/25/2022,$24.21,11425,$24.00,$24.21,$23.95
04/22/2022,$24.0011,15634,$24.12,$24.13,$23.91
04/21/2022,$24.15,24081,$23.81,$24.33,$23.81
04/20/2022,$23.71,14388,$23.43,$23.90,$23.43
04/19/2022,$23.62,26343,$23.50,$23.642,$23.23
04/18/2022,$23.55,21334,$23.99,$23.99,$23.55
04/14/2022,$23.89,19346,$23.88,$23.90,$23.75
04/13/2022,$23.86,13184,$24.06,$24.10,$23.86
04/12/2022,$23.89,20663,$23.99,$24.23,$23.88
04/11/2022,$23.91,42636,$24.60,$24.60,$23.825
04/08/2022,$24.66,15587,$24.65,$24.68,$24.51
04/07/2022,$24.51,16876,$24.68,$24.80,$24.50
04/06/2022,$24.70,19927,$24.76,$24.76,$24.53
04/05/2022,$24.83,34002,$24.86,$25.00,$24.8001
04/04/2022,$24.90,6493,$24.90,$24.92,$24.8344
04/01/2022,$24.95,17942,$24.91,$24.98,$24.80
03/31/2022,$25.06,60317,$24.67,$25.10,$24.5015
03/30/2022,$24.99,12644,$24.9899,$24.99,$24.8141
03/29/2022,$24.81,21122,$24.87,$24.98,$24.70
03/28/2022,$24.77,12393,$24.71,$24.77,$24.532
03/25/2022,$24.70,18634,$24.78,$24.897,$24.60
03/24/2022,$24.84,9558,$24.88,$24.99,$24.8036
03/23/2022,$24.88,18332,$24.78,$24.91,$24.682
03/22/2022,$24.82,12818,$24.75,$24.82,$24.72
03/21/2022,$24.75,8947,$24.75,$24.75,$24.65
03/18/2022,$24.75,5863,$24.68,$24.75,$24.627
03/17/2022,$24.58,17275,$24.58,$24.605,$24.43
03/16/2022,$24.33,9897,$24.57,$24.64,$24.2476
03/15/2022,$24.49,3659,$24.37,$24.54,$24.37
03/14/2022,$24.38,27953,$24.325,$24.54,$24.325
03/11/2022,$24.53,9174,$24.55,$24.59,$24.38
03/10/2022,$24.60,7519,$24.22,$24.60,$24.15
03/09/2022,$24.33,9396,$24.31,$24.4499,$24.11
03/08/2022,$24.40,11895,$23.97,$24.40,$23.97
03/07/2022,$24.18,56207,$24.20,$24.30,$23.6115
03/04/2022,$24.28,22152,$24.45,$24.46,$24.25
03/03/2022,$24.50,7662,$24.75,$24.75,$24.45
03/02/2022,$24.615,9755,$24.50,$24.74,$24.3912
03/01/2022,$24.34,4816,$24.68,$24.68,$24.34
02/28/2022,$24.51,14854,$24.84,$24.84,$24.48
02/25/2022,$24.50,11109,$24.56,$24.668,$24.30
02/24/2022,$24.4495,29378,$24.32,$24.53,$23.86
02/23/2022,$24.67,29135,$24.54,$24.75,$24.51
02/22/2022,$24.50,11093,$24.60,$24.60,$24.41
02/18/2022,$24.63,13861,$24.41,$24.65,$24.36
02/17/2022,$24.52,64566,$24.45,$24.52,$24.29
02/16/2022,$24.48,15966,$24.21,$24.52,$24.21
02/15/2022,$24.32,42279,$24.35,$24.35,$24.29
02/14/2022,$24.33,42276,$24.47,$24.47,$24.29
02/11/2022,$24.32,39835,$24.29,$24.46,$24.28
02/10/2022,$24.45,74168,$24.60,$24.68,$24.22
02/09/2022,$24.735,9747,$24.8236,$24.8452,$24.695
02/08/2022,$24.74,40530,$24.70,$24.95,$24.67
02/07/2022,$24.74,26893,$24.63,$24.90,$24.60
02/04/2022,$24.61,37341,$24.84,$24.84,$24.4201
02/03/2022,$24.79,20709,$24.70,$24.85,$24.61
02/02/2022,$24.80,25614,$25.08,$25.16,$24.75
02/01/2022,$25.158,15904,$24.84,$25.18,$24.84
01/31/2022,$24.84,45337,$24.90,$24.98,$24.82
01/28/2022,$24.87,176484,$24.925,$25.00,$24.85
01/27/2022,$24.94,46341,$25.02,$25.0356,$24.85
01/26/2022,$24.95,56705,$25.17,$25.21,$24.84
01/25/2022,$25.11,8478,$25.25,$25.2882,$25.10
01/24/2022,$25.30,30469,$25.4865,$25.4865,$25.165
01/21/2022,$25.5414,29293,$25.30,$25.58,$25.30
01/20/2022,$25.50,22370,$25.36,$25.60,$25.36
01/19/2022,$25.38,21460,$25.47,$25.66,$25.38
01/18/2022,$25.32,17518,$25.65,$25.65,$25.32
01/14/2022,$25.57,5892,$25.34,$25.59,$25.34
01/13/2022,$25.50,15166,$25.48,$25.51,$25.38
01/12/2022,$25.38,14918,$25.25,$25.45,$25.25
01/11/2022,$25.38,25735,$25.24,$25.41,$25.12
01/10/2022,$25.29,7819,$25.39,$25.40,$25.26
01/07/2022,$25.29,7518,$25.32,$25.40,$25.29
01/06/2022,$25.42,19445,$25.20,$25.45,$25.12
01/05/2022,$25.11,23450,$25.46,$25.71,$25.11
01/04/2022,$25.59,15387,$25.70,$25.70,$25.57
01/03/2022,$25.90,27764,$25.63,$25.90,$25.58
12/31/2021,$25.76,8574,$25.40,$25.76,$25.40
12/30/2021,$25.48,7682,$25.67,$25.67,$25.40
12/29/2021,$25.8792,4016,$25.6866,$25.8792,$25.6866
12/28/2021,$25.84,9847,$25.725,$25.84,$25.70
12/27/2021,$25.65,15004,$25.686,$25.78,$25.64
12/23/2021,$25.78,5041,$25.8038,$25.81,$25.6428
12/22/2021,$25.90,14723,$25.65,$25.97,$25.65
12/21/2021,$25.73,20236,$25.4719,$25.74,$25.4698
12/20/2021,$25.50,8290,$25.47,$25.61,$25.4308
12/17/2021,$25.4107,16746,$25.48,$25.48,$25.40
12/16/2021,$25.46,31405,$25.44,$25.48,$25.42
12/15/2021,$25.40,38509,$25.37,$25.42,$25.35
12/14/2021,$25.40,8096,$25.53,$25.53,$25.40
12/13/2021,$25.53,4628,$25.45,$25.53,$25.3964
12/10/2021,$25.545,10934,$25.41,$25.55,$25.40
12/09/2021,$25.40,10842,$25.39,$25.47,$25.39
12/08/2021,$25.47,8901,$25.40,$25.47,$25.39
12/07/2021,$25.45,14070,$25.46,$25.57,$25.3801
12/06/2021,$25.36,8288,$25.50,$25.59,$25.36
12/03/2021,$25.55,6018,$25.50,$25.55,$25.40
12/02/2021,$25.46,5617,$25.40,$25.48,$25.36
12/01/2021,$25.415,7102,$25.51,$25.59,$25.3876
11/30/2021,$25.35,21189,$25.398,$25.55,$25.35
11/29/2021,$25.50,4177,$25.4379,$25.50,$25.36
11/26/2021,$25.3902,4904,$25.415,$25.498,$25.34
11/24/2021,$25.4895,3837,$25.4059,$25.52,$25.4059
11/23/2021,$25.34,3967,$25.32,$25.376,$25.31
11/22/2021,$25.47,22411,$25.387,$25.47,$25.33
11/19/2021,$25.43,5494,$25.33,$25.50,$25.30
11/18/2021,$25.27,14158,$25.42,$25.53,$25.27
11/17/2021,$25.42,5645,$25.34,$25.47,$25.34
11/16/2021,$25.43,5230,$25.59,$25.59,$25.40
11/15/2021,$25.40,7710,$25.6366,$25.6366,$25.40
11/12/2021,$25.46,13809,$25.51,$25.63,$25.4558
11/11/2021,$25.51,9981,$25.55,$25.55,$25.47
11/10/2021,$25.55,4818,$25.70,$25.70,$25.5059
11/09/2021,$25.85,9543,$25.862,$25.89,$25.81
11/08/2021,$25.89,16717,$25.709,$25.90,$25.709
11/05/2021,$25.77,21406,$25.76,$25.85,$25.42
11/04/2021,$25.76,16766,$25.66,$25.84,$25.66
11/03/2021,$25.75,11220,$25.668,$25.79,$25.57
11/02/2021,$25.69,6096,$25.6241,$25.7242,$25.6241
11/01/2021,$25.70,13805,$25.5001,$25.78,$25.5001
10/29/2021,$25.63,7504,$25.54,$25.6564,$25.4801
10/28/2021,$25.55,10890,$25.63,$25.76,$25.54
10/27/2021,$25.6332,7295,$25.48,$25.6332,$25.4626
10/26/2021,$25.43,28956,$25.83,$25.83,$25.40
10/25/2021,$25.475,18593,$25.428,$25.52,$25.40
10/22/2021,$25.49,1696,$25.54,$25.55,$25.49
10/21/2021,$25.54,4993,$25.5168,$25.54,$25.4585
10/20/2021,$25.49,11177,$25.3192,$25.5234,$25.3192
10/19/2021,$25.37,22620,$25.26,$25.43,$25.26
10/18/2021,$25.43,10661,$25.40,$25.43,$25.35
10/15/2021,$25.45,24798,$25.60,$25.60,$25.4001
10/14/2021,$25.55,7628,$25.50,$25.56,$25.46
10/13/2021,$25.45,14331,$25.34,$25.45,$25.30
10/12/2021,$25.29,10824,$25.31,$25.37,$25.28
10/11/2021,$25.26,4842,$25.235,$25.34,$25.2297
10/08/2021,$25.27,22769,$25.30,$25.36,$25.215
10/07/2021,$25.29,28252,$25.30,$25.35,$25.20
10/06/2021,$25.34,11333,$25.32,$25.40,$25.285
10/05/2021,$25.216,9722,$25.511,$25.57,$25.216
10/04/2021,$25.43,6970,$25.60,$25.60,$25.43
10/01/2021,$25.68,7120,$25.65,$25.75,$25.65
09/30/2021,$25.78,33355,$25.54,$25.80,$25.50
09/29/2021,$25.81,10862,$25.68,$25.84,$25.626
09/28/2021,$25.45,33171,$25.77,$25.77,$25.42
09/27/2021,$25.7944,11498,$25.8555,$25.8555,$25.78
09/24/2021,$25.8773,12306,$26.00,$26.00,$25.80
09/23/2021,$26.00,10905,$26.05,$26.05,$25.91
09/22/2021,$26.06,5982,$25.94,$26.07,$25.94
09/21/2021,$25.885,8251,$25.86,$25.96,$25.86
09/20/2021,$25.89,6181,$26.01,$26.0365,$25.87
09/17/2021,$26.10,17136,$26.05,$26.1131,$25.9592
09/16/2021,$26.09,8167,$25.92,$26.10,$25.92
09/15/2021,$25.98,6025,$25.86,$26.0299,$25.85
09/14/2021,$25.99,2923,$25.91,$26.072,$25.91
09/13/2021,$26.00,9806,$25.9498,$26.0999,$25.93
09/10/2021,$26.06,8021,$26.04,$26.06,$26.00
09/09/2021,$26.10,4015,$26.005,$26.10,$26.005
09/08/2021,$25.95,6774,$25.93,$25.9864,$25.93
09/07/2021,$25.97,13817,$25.95,$26.05,$25.94
09/03/2021,$26.00,4511,$26.08,$26.08,$25.99
09/02/2021,$26.20,8364,$26.20,$26.20,$26.1506
09/01/2021,$26.1614,6517,$26.19,$26.19,$26.0995
08/31/2021,$26.19,10207,$26.13,$26.19,$26.04
08/30/2021,$26.10,7246,$26.0885,$26.17,$26.0885
08/27/2021,$26.09,3245,$25.985,$26.09,$25.92
08/26/2021,$26.0599,9084,$25.95,$26.0599,$25.8801
08/25/2021,$26.09,5885,$25.97,$26.10,$25.97
08/24/2021,$25.98,9145,$25.98,$25.98,$25.81
08/23/2021,$25.98,2594,$26.04,$26.05,$25.98
08/20/2021,$26.10,9583,$25.88,$26.10,$25.88
08/19/2021,$26.03,3674,$25.86,$26.035,$25.86
08/18/2021,$26.02,8248,$25.84,$26.08,$25.75
08/17/2021,$25.97,5324,$25.985,$26.10,$25.93
08/16/2021,$26.01,9207,$26.01,$26.10,$26.005
08/13/2021,$26.10,5898,$25.9438,$26.10,$25.9438
08/12/2021,$25.90,9607,$25.76,$25.965,$25.76
08/11/2021,$25.85,4134,$25.94,$25.94,$25.85
08/10/2021,$26.02,8722,$25.92,$26.02,$25.73
08/09/2021,$26.09,11836,$26.0901,$26.2563,$26.09
08/06/2021,$26.37,18397,$26.15,$26.37,$26.00
08/05/2021,$26.21,6464,$26.00,$26.32,$26.00
08/04/2021,$26.175,4467,$26.27,$26.27,$26.09
08/03/2021,$26.05,9692,$26.01,$26.10,$25.86
08/02/2021,$26.11,10112,$26.05,$26.11,$25.9932
07/30/2021,$25.96,11302,$25.82,$26.00,$25.7946
07/29/2021,$25.82,5795,$25.83,$25.839,$25.74
07/28/2021,$25.835,12424,$25.85,$25.9183,$25.71
07/27/2021,$25.87,13075,$25.88,$25.91,$25.70
07/26/2021,$25.919,6697,$25.65,$25.919,$25.65
07/23/2021,$25.704,7113,$25.89,$25.92,$25.70
07/22/2021,$25.89,1937,$25.90,$25.90,$25.79
07/21/2021,$25.86,13376,$25.52,$25.90,$25.52
07/20/2021,$25.76,20561,$25.4682,$25.78,$25.4682
07/19/2021,$25.615,6398,$25.90,$25.90,$25.57
07/16/2021,$25.93,10238,$25.92,$26.0599,$25.90
07/15/2021,$25.92,17958,$26.20,$26.2299,$25.8702
07/14/2021,$26.02,22427,$26.13,$26.281,$25.94
07/13/2021,$26.02,7066,$26.50,$26.50,$26.01
07/12/2021,$26.49,3902,$26.30,$26.49,$26.27
07/09/2021,$26.475,9224,$26.35,$26.475,$26.35
07/08/2021,$26.35,11728,$26.2457,$26.40,$26.2457
07/07/2021,$26.32,5751,$26.25,$26.32,$26.22
07/06/2021,$26.32,12901,$26.22,$26.33,$26.11
07/02/2021,$26.1792,11536,$26.15,$26.23,$26.03
07/01/2021,$26.0201,6322,$25.89,$26.14,$25.89
06/30/2021,$26.08,57969,$25.65,$26.27,$25.64
06/29/2021,$25.924,34764,$25.97,$25.98,$25.924
06/28/2021,$25.9904,16795,$25.95,$26.00,$25.85
06/25/2021,$26.00,12638,$26.0592,$26.0592,$25.86
06/24/2021,$26.10,6897,$26.09,$26.21,$26.058
06/23/2021,$26.09,3382,$26.1418,$26.2399,$26.09
06/22/2021,$26.106,10101,$26.085,$26.13,$26.05
06/21/2021,$26.1306,9861,$25.9801,$26.1306,$25.91
06/18/2021,$25.98,12926,$26.08,$26.15,$25.95
06/17/2021,$26.05,29007,$26.00,$26.25,$25.9409
06/16/2021,$26.03,18539,$26.00,$26.03,$25.92
06/15/2021,$26.02,28852,$26.19,$26.28,$26.00
06/14/2021,$26.33,11450,$26.1261,$26.33,$26.0383
06/11/2021,$26.15,17603,$25.84,$26.15,$25.83
06/10/2021,$25.90,4631,$25.88,$25.90,$25.8309
06/09/2021,$25.94,8272,$25.80,$26.00,$25.80
06/08/2021,$25.80,7618,$25.76,$25.81,$25.7458
06/07/2021,$25.8224,8658,$25.80,$25.83,$25.7903
06/04/2021,$25.83,14739,$25.75,$25.8472,$25.75
06/03/2021,$25.70,21730,$25.68,$25.87,$25.68
06/02/2021,$25.75,8519,$25.64,$25.83,$25.64
06/01/2021,$25.77,16962,$25.6838,$25.7801,$25.629
05/28/2021,$25.70,8891,$25.67,$25.7058,$25.64
05/27/2021,$25.55,2443,$25.455,$25.62,$25.455
05/26/2021,$25.53,9096,$25.677,$25.677,$25.4145
05/25/2021,$25.65,13899,$25.59,$25.6585,$25.52
05/24/2021,$25.61,7606,$25.60,$25.61,$25.4321
05/21/2021,$25.55,6774,$25.48,$25.60,$25.40
05/20/2021,$25.56,14543,$25.54,$25.59,$25.3065
05/19/2021,$25.52,11379,$25.20,$25.52,$25.20
05/18/2021,$25.35,27145,$25.25,$25.44,$25.18
05/17/2021,$25.26,4709,$25.3115,$25.3115,$25.11
05/14/2021,$25.28,40907,$25.15,$25.298,$25.02
05/13/2021,$25.09,23028,$25.10,$25.19,$25.057
05/12/2021,$25.07,41912,$25.48,$25.50,$24.98
05/11/2021,$25.43,15356,$25.58,$25.67,$25.42
05/10/2021,$25.69,18423,$25.92,$25.9201,$25.60
05/07/2021,$25.93,9793,$25.8442,$25.93,$25.7424
05/06/2021,$25.83,10486,$25.731,$25.88,$25.627
05/05/2021,$25.81,4481,$25.76,$25.81,$25.76
05/04/2021,$25.86,10446,$25.4303,$25.88,$25.4303
05/03/2021,$25.61,12623,$25.39,$25.62,$25.39
04/30/2021,$25.33,35689,$25.6616,$25.6616,$25.33
04/29/2021,$25.66,7075,$25.65,$25.69,$25.5186
04/28/2021,$25.62,10367,$25.661,$25.67,$25.50
04/27/2021,$25.60,49645,$25.65,$25.7293,$25.59
04/26/2021,$25.68,12626,$25.68,$25.764,$25.6267
04/23/2021,$25.60,34765,$25.735,$25.84,$25.59
04/22/2021,$25.64,15691,$25.67,$25.71,$25.6101
04/21/2021,$25.80,10755,$25.725,$25.86,$25.67
04/20/2021,$25.72,14539,$25.6999,$25.7765,$25.6999
04/19/2021,$25.68,2946,$25.66,$25.70,$25.66
04/16/2021,$25.79,10510,$25.84,$25.84,$25.68
04/15/2021,$25.74,17023,$25.84,$25.84,$25.68
04/14/2021,$25.74,3846,$25.65,$25.75,$25.63
04/13/2021,$25.65,10155,$25.68,$25.75,$25.65
04/12/2021,$25.68,19396,$25.63,$25.70,$25.604
04/09/2021,$25.63,14543,$25.61,$25.72,$25.58
04/08/2021,$25.74,7127,$25.70,$25.76,$25.56
04/07/2021,$25.78,7598,$25.67,$25.8582,$25.66
04/06/2021,$25.61,25165,$25.74,$25.74,$25.56
04/05/2021,$25.68,11083,$25.68,$25.71,$25.51
04/01/2021,$25.62,18937,$25.46,$25.62,$25.46
03/31/2021,$25.59,19987,$25.61,$25.76,$25.44
03/30/2021,$25.83,15424,$25.87,$25.891,$25.7452
03/29/2021,$25.78,14300,$25.61,$25.85,$25.61
03/26/2021,$25.8196,11731,$25.5201,$25.8196,$25.5201
03/25/2021,$25.59,13178,$25.63,$25.6929,$25.41
03/24/2021,$25.68,11665,$25.552,$25.68,$25.48
03/23/2021,$25.54,14245,$25.40,$25.58,$25.38
03/22/2021,$25.31,23857,$25.50,$25.50,$25.30
03/19/2021,$25.45,7142,$25.31,$25.45,$25.28
03/18/2021,$25.31,15518,$25.297,$25.40,$25.29
03/17/2021,$25.47,11428,$25.344,$25.47,$25.34
03/16/2021,$25.44,16248,$25.26,$25.44,$25.24
03/15/2021,$25.21,9435,$25.06,$25.225,$25.06
03/12/2021,$25.10,9605,$25.05,$25.12,$25.00
03/11/2021,$25.13,62303,$25.14,$25.26,$25.05
03/10/2021,$25.01,27998,$25.08,$25.10,$24.95
03/09/2021,$25.02,40505,$25.00,$25.03,$24.98
03/08/2021,$25.00,20834,$25.00,$25.06,$24.98
03/05/2021,$25.05,15052,$25.06,$25.06,$24.875
03/04/2021,$24.98,24539,$24.99,$25.05,$24.90
03/03/2021,$25.00,22853,$24.91,$25.05,$24.7532
03/02/2021,$24.89,31529,$24.90,$25.05,$24.89
03/01/2021,$24.98,25856,$24.94,$25.08,$24.85
02/26/2021,$24.99,17182,$24.85,$24.99,$24.71
02/25/2021,$24.80,25180,$24.85,$24.95,$24.73
02/24/2021,$24.89,25306,$24.86,$24.94,$24.75
02/23/2021,$24.90,14121,$24.815,$24.90,$24.70
02/22/2021,$24.90,7234,$24.88,$24.90,$24.7999
02/19/2021,$24.82,18261,$24.81,$24.96,$24.80
02/18/2021,$24.95,20505,$24.90,$24.98,$24.725
02/17/2021,$24.83,14587,$24.91,$24.93,$24.79
02/16/2021,$24.81,31962,$24.75,$24.96,$24.65
02/12/2021,$24.80,33350,$24.79,$24.80,$24.61
02/11/2021,$24.75,26011,$24.78,$24.82,$24.60
02/10/2021,$24.78,20791,$24.83,$24.83,$24.66
02/09/2021,$24.80,20761,$24.93,$24.96,$24.755
02/08/2021,$24.85,25763,$24.85,$24.99,$24.78
02/05/2021,$24.95,24189,$24.64,$24.99,$24.501
02/04/2021,$24.53,19007,$24.63,$24.7458,$24.52
02/03/2021,$24.63,13929,$24.78,$24.83,$24.61
02/02/2021,$24.73,14454,$24.52,$24.79,$24.50
02/01/2021,$24.45,18499,$24.65,$24.68,$24.31
01/29/2021,$24.62,25867,$24.50,$24.625,$24.50
01/28/2021,$24.60,22000,$24.527,$24.60,$24.35
01/27/2021,$24.51,36163,$24.7954,$24.8454,$24.51
01/26/2021,$24.85,39739,$24.90,$24.99,$24.80
01/25/2021,$24.92,20712,$25.10,$25.14,$24.84
01/22/2021,$25.03,27297,$24.818,$25.04,$24.74
01/21/2021,$24.75,33630,$24.70,$24.9658,$24.70
01/20/2021,$24.75,36834,$24.76,$24.78,$24.60
01/19/2021,$24.57,35448,$24.50,$24.70,$24.49
01/15/2021,$24.56,28562,$24.63,$24.6877,$24.282
01/14/2021,$24.54,24949,$24.479,$24.58,$24.45
01/13/2021,$24.56,31877,$24.36,$24.58,$24.36
01/12/2021,$24.27,27080,$24.44,$24.48,$24.26
01/11/2021,$24.45,21862,$24.42,$24.50,$24.31
01/08/2021,$24.58,33558,$24.45,$24.735,$24.30
01/07/2021,$24.35,21537,$24.50,$24.57,$24.32
01/06/2021,$24.51,39667,$24.61,$24.73,$24.45
01/05/2021,$24.67,15774,$24.62,$24.79,$24.60
01/04/2021,$24.53,30729,$24.71,$24.79,$24.4201
12/31/2020,$24.87,27250,$24.86,$24.99,$24.70
12/30/2020,$25.03,31931,$24.96,$25.05,$24.64
12/29/2020,$25.07,52179,$25.02,$25.25,$25.00
12/28/2020,$25.04,51232,$24.94,$25.05,$24.90
12/24/2020,$24.94,11585,$24.86,$24.98,$24.69
12/23/2020,$24.83,22955,$24.48,$24.83,$24.40
12/22/2020,$24.45,32367,$24.29,$24.49,$24.28
12/21/2020,$24.30,31957,$24.24,$24.50,$24.24
12/18/2020,$24.31,38212,$24.45,$24.50,$24.2883
12/17/2020,$24.45,35293,$24.11,$24.49,$24.11
12/16/2020,$24.09,41886,$23.931,$24.12,$23.90
12/15/2020,$23.93,34463,$23.98,$23.98,$23.76
12/14/2020,$23.85,47989,$24.05,$24.10,$23.85
12/11/2020,$23.95,26963,$23.94,$24.00,$23.90
12/10/2020,$23.94,24636,$24.12,$24.12,$23.80
12/09/2020,$24.05,27032,$24.05,$24.22,$24.03
12/08/2020,$24.03,49224,$23.99,$24.12,$23.99
12/07/2020,$24.003,65701,$23.80,$24.17,$23.68
12/04/2020,$23.64,48207,$23.60,$23.80,$23.52
12/03/2020,$23.56,53007,$23.49,$23.63,$23.41
12/02/2020,$23.44,24771,$23.435,$23.50,$23.31
12/01/2020,$23.40,201487,$23.476,$23.60,$23.30
11/30/2020,$23.43,69512,$23.56,$23.57,$23.32
11/27/2020,$23.60,9625,$23.63,$23.65,$23.56
11/25/2020,$23.60,32794,$23.56,$23.65,$23.32
11/24/2020,$23.49,59420,$23.46,$23.60,$23.32
11/23/2020,$23.30,51693,$23.49,$23.55,$23.28
11/20/2020,$23.23,44440,$23.31,$23.35,$23.20
11/19/2020,$23.16,30675,$23.12,$23.31,$23.11
11/18/2020,$23.15,32894,$23.24,$23.37,$23.07
11/17/2020,$23.02,48790,$23.08,$23.37,$22.99
11/16/2020,$23.06,61522,$22.91,$23.24,$22.82
11/13/2020,$22.88,68061,$22.90,$22.93,$22.60
11/12/2020,$22.63,43332,$22.96,$22.96,$22.63
11/11/2020,$22.82,49395,$23.00,$23.15,$22.59
11/10/2020,$22.88,45698,$22.66,$23.00,$22.54
11/09/2020,$22.64,86624,$22.65,$22.76,$22.51
11/06/2020,$22.40,22163,$22.53,$22.61,$22.40
11/05/2020,$22.58,77274,$22.40,$22.71,$22.3754
11/04/2020,$22.41,44895,$22.22,$22.50,$22.22
11/03/2020,$22.19,19301,$22.12,$22.40,$22.11
11/02/2020,$22.11,35958,$22.35,$22.44,$22.11
10/30/2020,$22.34,59214,$22.16,$22.38,$22.10
10/29/2020,$22.24,35494,$22.24,$22.53,$22.16
10/28/2020,$22.20,24536,$22.50,$22.50,$22.10
10/27/2020,$22.62,54309,$22.85,$22.91,$22.37
10/26/2020,$22.73,23755,$22.91,$22.91,$22.63
10/23/2020,$22.88,25344,$22.96,$22.99,$22.71
10/22/2020,$22.91,19408,$22.86,$23.03,$22.77
10/21/2020,$22.85,12183,$22.82,$22.8599,$22.74
10/20/2020,$22.83,12411,$22.9271,$22.9271,$22.83
10/19/2020,$22.87,19163,$23.02,$23.079,$22.87
10/16/2020,$22.96,23827,$22.966,$23.08,$22.87
10/15/2020,$22.87,10962,$22.90,$22.94,$22.81
10/14/2020,$22.95,54697,$23.02,$23.16,$22.80
10/13/2020,$23.13,22068,$23.15,$23.15,$23.01
10/12/2020,$23.06,12998,$23.0896,$23.0896,$23.02
10/09/2020,$23.01,36749,$23.29,$23.29,$23.01
10/08/2020,$23.20,28738,$23.05,$23.20,$22.8371
10/07/2020,$22.83,17809,$22.97,$23.20,$22.79
10/06/2020,$22.80,25484,$22.84,$23.05,$22.78
10/05/2020,$22.84,18381,$22.88,$22.94,$22.70
10/02/2020,$22.82,29922,$22.83,$22.92,$22.56
10/01/2020,$22.92,32500,$22.89,$22.93,$22.73
09/30/2020,$22.75,53281,$23.12,$23.1374,$22.75
09/29/2020,$23.37,27952,$23.41,$23.45,$23.21
09/28/2020,$23.40,20114,$23.40,$23.45,$23.33
09/25/2020,$23.27,26879,$22.99,$23.29,$22.99
09/24/2020,$22.91,35592,$22.95,$22.97,$22.67
09/23/2020,$22.93,32960,$23.42,$23.49,$22.92
09/22/2020,$23.35,14141,$23.27,$23.47,$23.27
09/21/2020,$23.40,30457,$23.44,$23.455,$23.14
09/18/2020,$23.45,11303,$23.50,$23.51,$23.435
09/17/2020,$23.43,17177,$23.56,$23.56,$23.41
09/16/2020,$23.58,27881,$23.56,$23.60,$23.49
09/15/2020,$23.53,12725,$23.53,$23.60,$23.52
09/14/2020,$23.55,18156,$23.45,$23.6499,$23.45
09/11/2020,$23.44,19354,$23.63,$23.63,$23.44
09/10/2020,$23.60,14555,$23.72,$23.72,$23.60
09/09/2020,$23.73,30591,$23.61,$23.85,$23.4779
09/08/2020,$23.59,43458,$23.30,$23.61,$23.20
09/04/2020,$23.47,15777,$23.36,$23.47,$23.12
09/03/2020,$23.36,19697,$23.627,$23.73,$23.33
09/02/2020,$23.72,49786,$23.74,$23.80,$23.51
09/01/2020,$23.78,15812,$23.70,$23.78,$23.67
08/31/2020,$23.73,7952,$23.724,$23.755,$23.65
08/28/2020,$23.76,15079,$23.69,$23.78,$23.69
08/27/2020,$23.77,13394,$23.76,$23.78,$23.73
08/26/2020,$23.78,22367,$23.63,$23.83,$23.57
08/25/2020,$23.585,27181,$23.64,$23.73,$23.40
08/24/2020,$23.645,34749,$23.99,$23.99,$23.495
08/21/2020,$23.72,28338,$23.62,$23.80,$23.62
08/20/2020,$23.72,16003,$23.50,$23.7799,$23.48
08/19/2020,$23.57,22050,$23.12,$23.57,$23.12
08/18/2020,$23.24,33670,$23.25,$23.43,$23.23
08/17/2020,$23.17,15404,$23.185,$23.25,$23.16
08/14/2020,$23.25,17740,$23.08,$23.27,$23.08
08/13/2020,$23.19,20125,$23.04,$23.30,$23.04
08/12/2020,$23.02,13051,$23.06,$23.1636,$22.92
08/11/2020,$23.05,26269,$23.15,$23.24,$23.04
08/10/2020,$23.06,35342,$22.75,$23.067,$22.75
08/07/2020,$22.79,19867,$22.58,$22.87,$22.58
08/06/2020,$22.76,25314,$23.08,$23.08,$22.6312
08/05/2020,$22.69,36276,$22.57,$22.7499,$22.558
08/04/2020,$22.67,25774,$22.583,$22.79,$22.46
08/03/2020,$22.67,27055,$22.68,$22.78,$22.63
07/31/2020,$22.69,55913,$22.71,$22.71,$22.44
07/30/2020,$22.61,30120,$22.55,$22.70,$22.5368
07/29/2020,$22.65,19059,$22.50,$22.6733,$22.19
07/28/2020,$22.54,10465,$22.52,$22.65,$22.51
07/27/2020,$22.38,23957,$22.33,$22.45,$22.325
07/24/2020,$22.32,34124,$22.42,$22.42,$22.30
07/23/2020,$22.36,32835,$22.4913,$22.5721,$22.36
07/22/2020,$22.32,16458,$22.50,$22.60,$22.32
07/21/2020,$22.55,17552,$22.55,$22.70,$22.50
07/20/2020,$22.49,17812,$22.30,$22.49,$22.205
07/17/2020,$22.38,14069,$22.33,$22.39,$22.22
07/16/2020,$22.24,48542,$22.01,$22.31,$21.98
07/15/2020,$21.93,26196,$21.98,$22.2529,$21.93
07/14/2020,$21.80,11241,$21.73,$21.8181,$21.6705
07/13/2020,$21.6901,32801,$22.24,$22.24,$21.68
07/10/2020,$21.97,24751,$21.98,$22.05,$21.79
07/09/2020,$21.90,12221,$22.22,$22.28,$21.90
07/08/2020,$22.17,17139,$21.7966,$22.215,$21.7966
07/07/2020,$21.91,14577,$21.83,$21.94,$21.83
07/06/2020,$21.91,20769,$21.72,$22.0131,$21.72
07/02/2020,$21.67,46374,$22.22,$22.22,$21.60
07/01/2020,$22.0066,31446,$21.98,$22.09,$21.92
06/30/2020,$21.89,59913,$22.48,$22.48,$21.84
06/29/2020,$22.50,34576,$22.55,$22.6423,$22.30
06/26/2020,$22.52,21618,$22.57,$22.598,$22.315
06/25/2020,$22.51,13747,$22.70,$22.70,$22.51
06/24/2020,$22.80,12367,$22.80,$22.80,$22.56
06/23/2020,$22.89,15036,$22.80,$22.925,$22.76
06/22/2020,$22.69,23104,$22.70,$22.78,$22.4036
06/19/2020,$22.57,80615,$22.68,$22.68,$22.4535
06/18/2020,$22.35,15760,$22.50,$22.52,$22.295
06/17/2020,$22.55,15126,$22.75,$22.75,$22.4501
06/16/2020,$22.72,19634,$22.77,$22.9894,$22.545
06/15/2020,$22.27,25177,$22.06,$22.55,$22.0025
06/12/2020,$22.30,31351,$22.98,$22.98,$22.06
06/11/2020,$22.54,155152,$22.94,$22.94,$22.50
06/10/2020,$23.08,37643,$22.85,$23.25,$22.76
06/09/2020,$23.08,98102,$22.90,$23.1508,$22.80
06/08/2020,$23.03,54349,$22.92,$23.17,$22.80
06/05/2020,$22.80,141192,$23.39,$23.39,$22.79
06/04/2020,$22.775,55735,$22.855,$23.00,$22.67
06/03/2020,$22.80,40578,$22.90,$23.03,$22.73
06/02/2020,$22.80,17317,$22.99,$23.00,$22.73
06/01/2020,$22.81,22924,$22.96,$23.00,$22.80
05/29/2020,$22.74,13171,$22.70,$22.89,$22.70
05/28/2020,$22.80,33661,$22.69,$22.99,$22.68
05/27/2020,$22.76,43071,$22.72,$23.00,$22.64
05/26/2020,$22.56,24119,$22.72,$22.90,$22.56
05/22/2020,$22.70,31398,$22.31,$22.70,$22.31
05/21/2020,$22.39,11737,$22.435,$22.4386,$22.26
05/20/2020,$22.32,17898,$22.25,$22.47,$22.25
05/19/2020,$22.22,23028,$22.20,$22.5286,$22.17
05/18/2020,$22.20,38489,$22.05,$22.28,$21.73
05/15/2020,$21.89,26926,$21.50,$21.93,$21.50
05/14/2020,$21.72,25011,$21.51,$21.81,$20.95
05/13/2020,$21.72,49479,$22.20,$22.20,$21.45
05/12/2020,$22.17,57175,$22.63,$22.63,$22.16
05/11/2020,$22.57,103646,$22.86,$22.86,$22.10
05/08/2020,$22.77,70116,$22.70,$22.88,$22.6076
05/07/2020,$22.56,100414,$22.36,$22.7087,$22.26
05/06/2020,$22.26,32038,$22.28,$22.28,$22.05
05/05/2020,$22.13,27543,$22.30,$22.38,$22.10
05/04/2020,$22.18,61765,$22.085,$22.38,$21.99
05/01/2020,$22.32,81451,$22.39,$22.645,$21.93
04/30/2020,$22.21,95896,$22.46,$22.75,$22.10
04/29/2020,$22.30,90097,$21.91,$22.30,$21.65
04/28/2020,$21.71,89829,$21.60,$21.9394,$21.60
04/27/2020,$21.42,40436,$21.47,$21.69,$21.30
04/24/2020,$21.17,65969,$21.77,$21.77,$21.07
04/23/2020,$21.40,50856,$21.61,$21.9538,$21.40
04/22/2020,$21.51,63724,$22.24,$22.24,$21.51
04/21/2020,$22.19,28504,$21.72,$22.1979,$21.15
04/20/2020,$21.87,56437,$21.80,$22.34,$21.59
04/17/2020,$21.91,48416,$21.55,$22.24,$21.48
04/16/2020,$21.10,57829,$20.843,$21.28,$20.45
04/15/2020,$20.63,60812,$21.20,$21.20,$20.51
04/14/2020,$21.33,46929,$22.00,$22.00,$21.25
04/13/2020,$21.35,82716,$22.36,$22.48,$21.05
04/09/2020,$22.36,121433,$22.55,$22.99,$22.20
04/08/2020,$22.25,86814,$21.49,$22.35,$21.20
04/07/2020,$21.00,94292,$21.10,$21.99,$20.06
04/06/2020,$21.07,231703,$19.99,$21.11,$19.70
04/03/2020,$18.83,87285,$18.30,$18.83,$17.50
04/02/2020,$18.34,87574,$17.46,$18.51,$17.04
04/01/2020,$17.49,247033,$18.14,$18.25,$17.08
03/31/2020,$18.79,69926,$19.48,$19.50,$18.4944
03/30/2020,$19.61,70450,$21.00,$21.00,$19.48
03/27/2020,$20.7267,226156,$20.00,$21.09,$19.60
03/26/2020,$20.25,173069,$18.28,$20.83,$18.28
03/25/2020,$17.76,159418,$16.03,$19.40,$16.03
03/24/2020,$16.00,178752,$16.00,$16.75,$15.50
03/23/2020,$14.99,358126,$15.50,$15.61,$13.70
03/20/2020,$15.8399,189026,$16.35,$17.18,$14.12
03/19/2020,$16.30,160411,$10.78,$19.65,$10.78
03/18/2020,$11.50,320303,$17.02,$17.0256,$10.05
03/17/2020,$17.26,110380,$19.05,$19.05,$17.02
03/16/2020,$18.80,75665,$19.00,$20.40,$18.75
03/13/2020,$20.70,123863,$19.42,$21.174,$19.00
03/12/2020,$19.35,109338,$20.88,$21.65,$18.21
03/11/2020,$22.39,92589,$23.42,$23.42,$21.86
03/10/2020,$23.58,116442,$24.46,$24.8399,$23.01
03/09/2020,$24.35,89076,$24.75,$25.3799,$24.2482
03/06/2020,$25.02,41959,$25.325,$25.34,$25.02
03/05/2020,$25.40,128570,$25.65,$25.69,$25.40
03/04/2020,$25.75,40678,$25.56,$25.825,$25.525
03/03/2020,$25.30,56097,$25.35,$25.7673,$25.1101
03/02/2020,$25.30,174591,$25.36,$25.36,$25.04
02/28/2020,$25.10,94223,$25.50,$25.66,$24.87
02/27/2020,$25.70,53630,$25.867,$25.89,$25.57
02/26/2020,$25.96,66479,$25.85,$26.03,$25.82
02/25/2020,$25.82,36947,$25.90,$26.07,$25.82
02/24/2020,$25.83,18755,$25.99,$25.99,$25.82
02/21/2020,$26.02,22246,$26.15,$26.19,$26.02
02/20/2020,$26.13,30507,$26.07,$26.15,$26.00
02/19/2020,$26.07,32927,$26.128,$26.156,$26.06
02/18/2020,$26.10,18457,$26.16,$26.16,$26.0648
02/14/2020,$26.10,8394,$26.059,$26.11,$26.05
02/13/2020,$26.09,32499,$26.032,$26.12,$25.93
02/12/2020,$26.08,29702,$25.90,$26.1099,$25.90
02/11/2020,$25.95,33974,$26.0678,$26.1317,$25.91
02/10/2020,$26.06,22467,$26.10,$26.1382,$26.06
02/07/2020,$26.10,50026,$26.08,$26.17,$25.97
02/06/2020,$26.08,26204,$26.07,$26.11,$25.96
02/05/2020,$26.10,38599,$25.99,$26.1132,$25.98
02/04/2020,$26.07,71839,$26.11,$26.11,$26.05
02/03/2020,$26.13,26073,$26.17,$26.17,$26.0632
01/31/2020,$26.12,41415,$25.97,$26.12,$25.97
01/30/2020,$26.00,15550,$25.921,$26.02,$25.92
01/29/2020,$25.94,56689,$25.95,$25.9523,$25.80
01/28/2020,$25.83,41916,$26.03,$26.03,$25.81
01/27/2020,$25.9877,7118,$25.95,$26.03,$25.8901
01/24/2020,$25.99,22751,$26.01,$26.03,$25.9405
01/23/2020,$25.94,13914,$26.03,$26.03,$25.93
01/22/2020,$25.99,12000,$25.97,$25.99,$25.964
01/21/2020,$25.9788,10602,$25.96,$26.0299,$25.93
01/17/2020,$26.04,36254,$25.97,$26.04,$25.85
01/16/2020,$26.02,13763,$25.9608,$26.0399,$25.96
01/15/2020,$26.04,19248,$26.07,$26.07,$25.99
01/14/2020,$26.05,13476,$26.00,$26.05,$25.93
01/13/2020,$26.011,9798,$26.03,$26.04,$25.99
01/10/2020,$26.03,33235,$26.03,$26.03,$26.01
01/09/2020,$25.99,30402,$25.8816,$26.0217,$25.8816
01/08/2020,$25.95,20521,$25.89,$25.96,$25.89
01/07/2020,$25.86,19526,$26.07,$26.07,$25.8242
01/06/2020,$25.90,31655,$25.93,$25.93,$25.76
01/03/2020,$25.89,18362,$25.8993,$25.9293,$25.86
01/02/2020,$25.89,19958,$25.72,$25.96,$25.72
12/31/2019,$25.78,17480,$25.72,$25.84,$25.6641
12/30/2019,$25.72,158687,$25.48,$25.75,$25.48
12/27/2019,$26.04,65246,$25.95,$26.04,$25.8976
12/26/2019,$25.98,37017,$25.94,$26.05,$25.8775
12/24/2019,$25.94,21780,$25.91,$25.97,$25.8936
12/23/2019,$25.92,17155,$25.8659,$25.92,$25.8605
12/20/2019,$25.92,36838,$25.88,$25.95,$25.8461
12/19/2019,$25.85,23965,$25.81,$25.87,$25.80
12/18/2019,$25.81,34487,$25.80,$25.81,$25.71
12/17/2019,$25.74,31151,$25.6928,$25.75,$25.69
12/16/2019,$25.6863,48785,$25.74,$25.74,$25.6863
12/13/2019,$25.70,15735,$25.62,$25.72,$25.62
12/12/2019,$25.62,92704,$25.63,$25.6746,$25.5342
12/11/2019,$25.60,29079,$25.50,$25.61,$25.49
12/10/2019,$25.53,30839,$25.451,$25.545,$25.45
12/09/2019,$25.46,23218,$25.48,$25.50,$25.4576
12/06/2019,$25.44,10050,$25.45,$25.45,$25.40
12/05/2019,$25.45,32217,$25.50,$25.50,$25.375
12/04/2019,$25.47,35487,$25.5366,$25.54,$25.4563
12/03/2019,$25.45,36658,$25.42,$25.49,$25.39
12/02/2019,$25.4378,52208,$25.5073,$25.5073,$25.40
